{
    "train_precision": 0.9896373056994818,
    "train_recall": 0.9794871794871794,
    "train_avg_precision": 0.9798219811909976,
    "train_roc_auc": 0.9843816594486836,
    "test_precision": 0.8863636363636364,
    "test_recall": 0.9069767441860465,
    "test_avg_precision": 0.8439112050739958,
    "test_roc_auc": 0.9096287229702161,
    "val_precision": 0.9242424242424242,
    "val_recall": 0.9242424242424242,
    "val_avg_precision": 0.8912610958065503,
    "val_roc_auc": 0.9258893280632411
}